Population,Wen_label,Geographic area,n,A,AR,AP,Ho,He,F,% null,FB,row_type,species,het_excess_z_raw,het_excess_w_raw,mratio_z_raw,mratio_w_raw,het_excess_z,het_excess_w,mratio_z,mratio_w,het_excess_z_sig,het_excess_w_sig,mratio_z_sig,mratio_w_sig,het_bottleneck_sig,mratio_bottleneck_sig,Population_plot
Pgl346_IN,IN_01,IN,24,3.28,2.82,2,0.4,0.45,0.08,0.16,0,population,P. globosa,0.1445,0.213,-8.8537***,-3.3373***,0.14450000000000002,0.21300000000000002,-8.853700000000002,-3.3373,Not significant,Not significant,P < 0.0001,P < 0.0001,Not significant,P < 0.0001,IN_01
Pgl347_KY,KY_02,KY,10,4,3.74,1,0.5,0.51,0.05,0.18,0,population,P. globosa,1.4579,2.2286*,-5.9867***,-5.9867***,1.4578999999999998,2.2286,-5.986700000000001,-5.986700000000001,Not significant,P < 0.01,P < 0.0001,P < 0.0001,P < 0.01,P < 0.0001,KY_02
Pgl348_EXS,EX_01,EX-S,24,4.72,3.73,1,0.48,0.53,0.08,0.46,0.06,population,P. globosa,-0.435,-0.4654,-6.7781***,-3.0508***,-0.43500000000000005,-0.46540000000000004,-6.7781,-3.0507999999999997,Not significant,Not significant,P < 0.0001,P < 0.0001,Not significant,P < 0.0001,EX_01
Pgl349_KY,KY_01,KY,22,4.11,3.43,7,0.55,0.56,0,0.22,0,population,P. globosa,0.4141,0.7621,-3.5554***,-2.1122*,0.4141,0.7621,-3.5553999999999997,-2.1121999999999996,Not significant,Not significant,P < 0.0001,P < 0.01,Not significant,P < 0.0001,KY_01
Pgl350_KY,KY_03,KY,20,5.33,4.1,4,0.56,0.6,0.07,0.3,0,population,P. globosa,0.5647,1.3961,-5.488***,-3.1025***,0.5647000000000001,1.3961000000000001,-5.488,-3.1025,Not significant,Not significant,P < 0.0001,P < 0.0001,Not significant,P < 0.0001,KY_03
Pgl351_KY,KY_04,KY,24,6.5,4.52,12,0.6,0.62,0.03,0.26,0,population,P. globosa,-2.5474,-0.8928,-4.7756***,-2.8961***,-2.5474,-0.8928,-4.775600000000001,-2.8960999999999997,Not significant,Not significant,P < 0.0001,P < 0.0001,Not significant,P < 0.0001,KY_04
Pgl352_KY,KY_05,KY,24,3.94,3.32,1,0.51,0.53,0.03,0.18,0.05,population,P. globosa,1.5215,1.6805*,-8.0364***,-3.3373***,1.5214999999999999,1.6805,-8.0364,-3.3373,Not significant,P < 0.01,P < 0.0001,P < 0.0001,P < 0.01,P < 0.0001,KY_05
Pgl353_EXS,EX_02,EX-S,24,4.39,3.54,1,0.55,0.62,0.09,0.18,0.07,population,P. globosa,2.2695*,2.8961**,-6.8471***,-3.2881***,2.2695000000000003,2.8960999999999997,-6.847099999999999,-3.2881000000000005,P < 0.01,P < 0.001,P < 0.0001,P < 0.0001,P < 0.001,P < 0.0001,EX_02
Pgl354_KY,KY_06,KY,11,4.06,3.7,4,0.53,0.55,0.06,0.28,0,population,P. globosa,0.3876,1.1927,-6.3613***,-3.1238***,0.3876,1.1927,-6.3613,-3.1238,Not significant,Not significant,P < 0.0001,P < 0.0001,Not significant,P < 0.0001,KY_06
Pgl355_EXS,EX_03,EX-S,24,5.11,3.64,3,0.44,0.53,0.21,0.41,0.05,population,P. globosa,-3.8833,-1.3018,-6.6694***,-3.2427***,-3.8833,-1.3017999999999998,-6.6693999999999996,-3.2427,Not significant,Not significant,P < 0.0001,P < 0.0001,Not significant,P < 0.0001,EX_03
Pgl356_TNE,TNE_02,TNE,24,4.17,3.23,9,0.41,0.43,0.02,0.33,0,population,P. globosa,-0.3931,-0.5112,-5.7582***,-2.783**,-0.3931,-0.5112,-5.7582,-2.7830000000000004,Not significant,Not significant,P < 0.0001,P < 0.001,Not significant,P < 0.0001,TNE_02
Pgl357_TNE,TNE_01,TNE,23,3.22,2.64,10,0.38,0.41,0.11,0.15,0,population,P. globosa,1.8734*,1.9311*,-6.065***,-2.6126**,1.8734,1.9310999999999998,-6.0649999999999995,-2.6125999999999996,P < 0.01,P < 0.01,P < 0.0001,P < 0.001,P < 0.01,P < 0.0001,TNE_01
Pgl358_TNW,TNW_04,TNW,24,4.72,3.62,6,0.4,0.5,0.16,0.33,0.15,population,P. globosa,-1.5086,-0.4497,-7.0773***,-3.3373***,-1.5086,-0.4497,-7.0773,-3.3373,Not significant,Not significant,P < 0.0001,P < 0.0001,Not significant,P < 0.0001,TNW_04
Pgl359_TNW,TNW_05,TNW,24,5.44,3.87,6,0.48,0.55,0.11,0.36,0.07,population,P. globosa,-1.5197,-0.2395,-6.5221***,-2.9396***,-1.5196999999999998,-0.23950000000000002,-6.522099999999999,-2.9395999999999995,Not significant,Not significant,P < 0.0001,P < 0.0001,Not significant,P < 0.0001,TNW_05
Pgl360_TNW,TNW_03,TNW,24,3.28,2.69,3,0.37,0.44,0.23,0.47,0.11,population,P. globosa,-0.3443,0.1524,-8.2707***,-3.2881***,-0.3443,0.15240000000000004,-8.2707,-3.2881000000000005,Not significant,Not significant,P < 0.0001,P < 0.0001,Not significant,P < 0.0001,TNW_03
Pgl361_TNW,TNW_02,TNW,9,2.78,2.69,1,0.48,0.46,-0.04,0.17,0,population,P. globosa,1.9058*,1.7752*,-7.3459***,-2.9113***,1.9057999999999997,1.7752,-7.345899999999999,-2.9112999999999998,P < 0.01,P < 0.01,P < 0.0001,P < 0.0001,P < 0.01,P < 0.0001,TNW_02
Pgl362_TNW,TNW_01,TNW,14,2.28,2.14,1,0.32,0.32,0.03,0.08,0.14,population,P. globosa,1.9539*,1.956*,-9.041***,-2.9341***,1.9538999999999997,1.956,-9.040999999999999,-2.9341,P < 0.01,P < 0.01,P < 0.0001,P < 0.0001,P < 0.01,P < 0.0001,TNW_01
PoAR1,AR_01,AR,5,1.79,7.14,3,0.17,0.27,0.37,0.45,0,population,P. ouachitensis,NA,NA,NA,NA,NA,NA,NA,NA,NA,NA,NA,NA,Not tested,Not tested,PoAR1
PoAR2,AR_02,AR,9,2.4,5.52,2,0.16,0.3,0.46,0.53,0.38,population,P. ouachitensis,NA,NA,NA,NA,NA,NA,NA,NA,NA,NA,NA,NA,Not tested,Not tested,PoAR2
PoAR3,AR_03,AR,4,1.85,6.37,2,0.15,0.4,0.61,0.57,0,population,P. ouachitensis,NA,NA,NA,NA,NA,NA,NA,NA,NA,NA,NA,NA,Not tested,Not tested,PoAR3
PfMO6,MO_06,MO,4,2.53,5.95,4,0.45,0.49,0.08,0.24,0,population,P. filiformis,NA,NA,NA,NA,NA,NA,NA,NA,NA,NA,NA,NA,Not tested,Not tested,PfMO6
PfMO10,MO_10,MO,6,3.18,4.38,8,0.42,0.61,0.32,0.54,0,population,P. filiformis,NA,NA,NA,NA,NA,NA,NA,NA,NA,NA,NA,NA,Not tested,Not tested,PfMO10
PfMO11,MO_11,MO,7,2.81,4.25,5,0.35,0.48,0.29,0.42,0,population,P. filiformis,NA,NA,NA,NA,NA,NA,NA,NA,NA,NA,NA,NA,Not tested,Not tested,PfMO11
PgrTX1,TX_01,TX,11,5,8.42,42,0.534,0.711,0.249,0.77,0,population,P. gracilis,NA,NA,NA,NA,NA,NA,NA,NA,NA,NA,NA,NA,Not tested,Not tested,PgrTX1
